category,path
Animals,/Animals
Pets,/Animals/Pets
Exotic Pets,/Animals/Pets/Exotic Pets
Pet Food & Supplies,/Animals/Pets/Pet Food & Supplies
Veterinarians,/Animals/Veterinarians
Wildlife,/Animals/Wildlife
Arts & Humanities,/Arts & Humanities
Books & Literature,/Arts & Humanities/Books & Literature
Book Retailers,/Arts & Humanities/Books & Literature/Book Retailers
E-Books,/Arts & Humanities/Books & Literature/E-Books
Fan Fiction,/Arts & Humanities/Books & Literature/Fan Fiction
Poetry,/Arts & Humanities/Books & Literature/Poetry
Humanities,/Arts & Humanities/Humanities
History,/Arts & Humanities/Humanities/History
Myth & Folklore,/Arts & Humanities/Humanities/Myth & Folklore
Theater & Performing Arts,/Arts & Humanities/Theater & Performing Arts
Visual Arts,/Arts & Humanities/Visual Arts
Automotive,/Automotive
Auto Financing,/Automotive/Auto Financing
Auto Insurance,/Automotive/Auto Insurance
Auto Parts,/Automotive/Auto Parts
Vehicle Tires,/Automotive/Auto Parts/Vehicle Tires
Car Shows,/Automotive/Car Shows
Car Stereo,/Automotive/Car Stereo
Custom & Performance Vehicles,/Automotive/Custom & Performance Vehicles
Hybrid & Alternative Vehicles,/Automotive/Hybrid & Alternative Vehicles
Motorcycles,/Automotive/Motorcycles
Off-Road & Recreational Vehicles,/Automotive/Off-Road & Recreational Vehicles
Trucks & SUVs,/Automotive/Trucks & SUVs
Vehicle Brands,/Automotive/Vehicle Brands
Acura,/Automotive/Vehicle Brands/Acura
Audi,/Automotive/Vehicle Brands/Audi
BMW,/Automotive/Vehicle Brands/BMW
Cadillac,/Automotive/Vehicle Brands/Cadillac
Chevrolet,/Automotive/Vehicle Brands/Chevrolet
Chrysler,/Automotive/Vehicle Brands/Chrysler
Citroen,/Automotive/Vehicle Brands/Citroen
Dodge,/Automotive/Vehicle Brands/Dodge
Fiat,/Automotive/Vehicle Brands/Fiat
Ford,/Automotive/Vehicle Brands/Ford
GMC,/Automotive/Vehicle Brands/GMC
Honda,/Automotive/Vehicle Brands/Honda
Hyundai,/Automotive/Vehicle Brands/Hyundai
Jeep,/Automotive/Vehicle Brands/Jeep
Kia,/Automotive/Vehicle Brands/Kia
Lexus,/Automotive/Vehicle Brands/Lexus
Lincoln,/Automotive/Vehicle Brands/Lincoln
Mazda,/Automotive/Vehicle Brands/Mazda
Mercedes-Benz,/Automotive/Vehicle Brands/Mercedes-Benz
Mercury,/Automotive/Vehicle Brands/Mercury
Mitsubishi,/Automotive/Vehicle Brands/Mitsubishi
Nissan,/Automotive/Vehicle Brands/Nissan
Peugeot,/Automotive/Vehicle Brands/Peugeot
Pontiac,/Automotive/Vehicle Brands/Pontiac
Porsche,/Automotive/Vehicle Brands/Porsche
Renault,/Automotive/Vehicle Brands/Renault
Saturn,/Automotive/Vehicle Brands/Saturn
Subaru,/Automotive/Vehicle Brands/Subaru
Toyota,/Automotive/Vehicle Brands/Toyota
Volkswagen,/Automotive/Vehicle Brands/Volkswagen
Volvo,/Automotive/Vehicle Brands/Volvo
Vehicle Licensing & Registration,/Automotive/Vehicle Licensing & Registration
Vehicle Maintenance,/Automotive/Vehicle Maintenance
Vehicle Shopping,/Automotive/Vehicle Shopping
Beauty & Personal Care,/Beauty & Personal Care
Beauty Magazines,/Beauty & Personal Care/Beauty Magazines
Body Art,/Beauty & Personal Care/Body Art
Cosmetic Surgery,/Beauty & Personal Care/Cosmetic Surgery
Cosmetology & Beauty Professionals,/Beauty & Personal Care/Cosmetology & Beauty Professionals
Face & Body Care,/Beauty & Personal Care/Face & Body Care
Cosmetics,/Beauty & Personal Care/Face & Body Care/Cosmetics
Fragrances,/Beauty & Personal Care/Face & Body Care/Fragrances
Hair Removal,/Beauty & Personal Care/Face & Body Care/Hair Removal
Hygiene & Toiletries,/Beauty & Personal Care/Face & Body Care/Hygiene & Toiletries
Skin & Nail Care,/Beauty & Personal Care/Face & Body Care/Skin & Nail Care
Fitness,/Beauty & Personal Care/Fitness
Bodybuilding,/Beauty & Personal Care/Fitness/Bodybuilding
Yoga & Pilates,/Beauty & Personal Care/Fitness/Yoga & Pilates
Hair Care & Products,/Beauty & Personal Care/Hair Care & Products
Hair Loss,/Beauty & Personal Care/Hair Care & Products/Hair Loss
Spas & Beauty Services,/Beauty & Personal Care/Spas & Beauty Services
Massage Therapy,/Beauty & Personal Care/Spas & Beauty Services/Massage Therapy
Weight Loss,/Beauty & Personal Care/Weight Loss
Business,/Business
Advertising & Marketing,/Business/Advertising & Marketing
Marketing Services,/Business/Advertising & Marketing/Marketing Services
Public Relations,/Business/Advertising & Marketing/Public Relations
Telemarketing,/Business/Advertising & Marketing/Telemarketing
Business Plans & Presentations,/Business/Business Plans & Presentations
Business Schools & Training,/Business/Business Schools & Training
Business Services & Consulting,/Business/Business Services & Consulting
Fire & Security Services,/Business/Business Services & Consulting/Fire & Security Services
Knowledge Management,/Business/Business Services & Consulting/Knowledge Management
Outsourcing,/Business/Business Services & Consulting/Outsourcing
Physical Asset Management,/Business/Business Services & Consulting/Physical Asset Management
Quality Control & Tracking,/Business/Business Services & Consulting/Quality Control & Tracking
Corporate Events,/Business/Corporate Events
Trade Shows & Conventions,/Business/Corporate Events/Trade Shows & Conventions
E-Commerce,/Business/E-Commerce
Merchant Services & Payment Systems,/Business/E-Commerce/Merchant Services & Payment Systems
Human Resources,/Business/Human Resources
Compensation & Benefits,/Business/Human Resources/Compensation & Benefits
Corporate Training,/Business/Human Resources/Corporate Training
Payroll Services,/Business/Human Resources/Payroll Services
Recruitment & Staffing,/Business/Human Resources/Recruitment & Staffing
Management & Corporate Operations,/Business/Management & Corporate Operations
Business Process,/Business/Management & Corporate Operations/Business Process
Strategic Planning,/Business/Management & Corporate Operations/Strategic Planning
Supply Chain Management,/Business/Management & Corporate Operations/Supply Chain Management
Office & Printing Services,/Business/Office & Printing Services
Office & Facilities Management,/Business/Office & Printing Services/Office & Facilities Management
Office Furniture,/Business/Office & Printing Services/Office Furniture
Office Supplies,/Business/Office & Printing Services/Office Supplies
Printing Services,/Business/Office & Printing Services/Printing Services
Writing & Editing Services,/Business/Office & Printing Services/Writing & Editing Services
Small Business,/Business/Small Business
Home Office,/Business/Small Business/Home Office
MLM & Business Opportunities,/Business/Small Business/MLM & Business Opportunities
Computers & Electronics,/Computers & Electronics
Computer Security,/Computers & Electronics/Computer Security
Antivirus & Malware,/Computers & Electronics/Computer Security/Antivirus & Malware
Network Security,/Computers & Electronics/Computer Security/Network Security
Consumer Electronics,/Computers & Electronics/Consumer Electronics
Audio Equipment,/Computers & Electronics/Consumer Electronics/Audio Equipment
Home Stereo,/Computers & Electronics/Consumer Electronics/Audio Equipment/Home Stereo
MP3 Players,/Computers & Electronics/Consumer Electronics/Audio Equipment/MP3 Players
Home Video,/Computers & Electronics/Consumer Electronics/Home Video
Televisions,/Computers & Electronics/Consumer Electronics/Home Video/Televisions
Video Players & Recorders,/Computers & Electronics/Consumer Electronics/Home Video/Video Players & Recorders
Personal Electronics,/Computers & Electronics/Consumer Electronics/Personal Electronics
Handhelds & PDAs,/Computers & Electronics/Consumer Electronics/Personal Electronics/Handhelds & PDAs
Electronics & Electrical,/Computers & Electronics/Electronics & Electrical
Electromechanical Devices,/Computers & Electronics/Electronics & Electrical/Electromechanical Devices
Electronic Components,/Computers & Electronics/Electronics & Electrical/Electronic Components
Optoelectronics & Fiber,/Computers & Electronics/Electronics & Electrical/Optoelectronics & Fiber
Power Supplies,/Computers & Electronics/Electronics & Electrical/Power Supplies
Test & Measurement,/Computers & Electronics/Electronics & Electrical/Test & Measurement
Enterprise Technology,/Computers & Electronics/Enterprise Technology
CRM,/Computers & Electronics/Enterprise Technology/CRM
Data Management,/Computers & Electronics/Enterprise Technology/Data Management
ERP,/Computers & Electronics/Enterprise Technology/ERP
Hardware,/Computers & Electronics/Hardware
Desktops,/Computers & Electronics/Hardware/Desktops
Hardware Components,/Computers & Electronics/Hardware/Hardware Components
Chips & Processors,/Computers & Electronics/Hardware/Hardware Components/Chips & Processors
Memory,/Computers & Electronics/Hardware/Hardware Components/Memory
Sound & Video Cards,/Computers & Electronics/Hardware/Hardware Components/Sound & Video Cards
Laptops,/Computers & Electronics/Hardware/Laptops
Mods & Customization,/Computers & Electronics/Hardware/Mods & Customization
Peripherals,/Computers & Electronics/Hardware/Peripherals
Input Devices,/Computers & Electronics/Hardware/Peripherals/Input Devices
Monitors,/Computers & Electronics/Hardware/Peripherals/Monitors
Printers,/Computers & Electronics/Hardware/Peripherals/Printers
Scanners,/Computers & Electronics/Hardware/Peripherals/Scanners
Servers,/Computers & Electronics/Hardware/Servers
Storage,/Computers & Electronics/Hardware/Storage
Network Storage,/Computers & Electronics/Hardware/Storage/Network Storage
Networking,/Computers & Electronics/Networking
Data Formats & Protocols,/Computers & Electronics/Networking/Data Formats & Protocols
Network Monitoring & Management,/Computers & Electronics/Networking/Network Monitoring & Management
Networking Equipment,/Computers & Electronics/Networking/Networking Equipment
Programming,/Computers & Electronics/Programming
C & C++,/Computers & Electronics/Programming/C & C++
Developer Jobs,/Computers & Electronics/Programming/Developer Jobs
Development Tools,/Computers & Electronics/Programming/Development Tools
Java,/Computers & Electronics/Programming/Java
Scripting Languages,/Computers & Electronics/Programming/Scripting Languages
Windows & .NET,/Computers & Electronics/Programming/Windows & .NET
Software,/Computers & Electronics/Software
Audio & Multimedia,/Computers & Electronics/Software/Audio & Multimedia
Business & Productivity,/Computers & Electronics/Software/Business & Productivity
Device Drivers,/Computers & Electronics/Software/Device Drivers
Educational Software,/Computers & Electronics/Software/Educational Software
Graphics & Publishing,/Computers & Electronics/Software/Graphics & Publishing
Fonts,/Computers & Electronics/Software/Graphics & Publishing/Fonts
Internet Software,/Computers & Electronics/Software/Internet Software
Content Management,/Computers & Electronics/Software/Internet Software/Content Management
Internet Clients & Browsers,/Computers & Electronics/Software/Internet Software/Internet Clients & Browsers
Open Source,/Computers & Electronics/Software/Open Source
Operating Systems,/Computers & Electronics/Software/Operating Systems
Linux & Unix,/Computers & Electronics/Software/Operating Systems/Linux & Unix
Mac,/Computers & Electronics/Software/Operating Systems/Mac
Windows,/Computers & Electronics/Software/Operating Systems/Windows
Software Utilities,/Computers & Electronics/Software/Software Utilities
Tech Support,/Computers & Electronics/Tech Support
Entertainment,/Entertainment
Celebrities,/Entertainment/Celebrities
Clubs & Nightlife,/Entertainment/Clubs & Nightlife
Comics & Animation,/Entertainment/Comics & Animation
Anime & Manga,/Entertainment/Comics & Animation/Anime & Manga
Cartoons,/Entertainment/Comics & Animation/Cartoons
Comics,/Entertainment/Comics & Animation/Comics
Dancing,/Entertainment/Dancing
Entertainment Industry,/Entertainment/Entertainment Industry
Fashion & Modeling,/Entertainment/Fashion & Modeling
Fun & Trivia,/Entertainment/Fun & Trivia
Humor & Bizarre,/Entertainment/Humor & Bizarre
Bizarre,/Entertainment/Humor & Bizarre/Bizarre
Humor,/Entertainment/Humor & Bizarre/Humor
Paranormal,/Entertainment/Humor & Bizarre/Paranormal
Movies,/Entertainment/Movies
Bollywood & Lollywood,/Entertainment/Movies/Bollywood & Lollywood
Horror Films,/Entertainment/Movies/Horror Films
Movie Memorabilia,/Entertainment/Movies/Movie Memorabilia
Movie Rentals & Sales,/Entertainment/Movies/Movie Rentals & Sales
Science Fiction & Fantasy Films,/Entertainment/Movies/Science Fiction & Fantasy Films
Multimedia Content,/Entertainment/Multimedia Content
Flash Content,/Entertainment/Multimedia Content/Flash Content
Podcasting,/Entertainment/Multimedia Content/Podcasting
Video Clips & Movie Downloads,/Entertainment/Multimedia Content/Video Clips & Movie Downloads
Music,/Entertainment/Music
Alternative-Punk-Metal,/Entertainment/Music/Alternative-Punk-Metal
Christian,/Entertainment/Music/Christian
Classical,/Entertainment/Music/Classical
Country & Folk,/Entertainment/Music/Country & Folk
Dance & Electronica,/Entertainment/Music/Dance & Electronica
Jazz & R&B,/Entertainment/Music/Jazz & R&B
Latin,/Entertainment/Music/Latin
Lyrics & Tabs,/Entertainment/Music/Lyrics & Tabs
Music Art & Memorabilia,/Entertainment/Music/Music Art & Memorabilia
Music Retailers,/Entertainment/Music/Music Retailers
Music Streams & Downloads,/Entertainment/Music/Music Streams & Downloads
Musical Instruments,/Entertainment/Music/Musical Instruments
Rock & Pop,/Entertainment/Music/Rock & Pop
Urban & Hip-Hop,/Entertainment/Music/Urban & Hip-Hop
Vocals & Show Tunes,/Entertainment/Music/Vocals & Show Tunes
World Music,/Entertainment/Music/World Music
Radio,/Entertainment/Radio
TV,/Entertainment/TV
TV Networks,/Entertainment/TV/TV Networks
TV Programs,/Entertainment/TV/TV Programs
Soap Operas,/Entertainment/TV/TV Programs/Soap Operas
Finance & Insurance,/Finance & Insurance
Accounting & Tax,/Finance & Insurance/Accounting & Tax
Banking & Personal Finance,/Finance & Insurance/Banking & Personal Finance
Credit & Lending,/Finance & Insurance/Credit & Lending
Credit Cards,/Finance & Insurance/Credit & Lending/Credit Cards
Debt Management,/Finance & Insurance/Credit & Lending/Debt Management
Student Lending,/Finance & Insurance/Credit & Lending/Student Lending
Currencies & Foreign Exchange,/Finance & Insurance/Currencies & Foreign Exchange
Insurance,/Finance & Insurance/Insurance
Risk Management,/Finance & Insurance/Insurance/Risk Management
Investing,/Finance & Insurance/Investing
Retirement & Pension,/Finance & Insurance/Retirement & Pension
Food & Drink,/Food & Drink
Alcoholic Beverages,/Food & Drink/Alcoholic Beverages
Beer,/Food & Drink/Alcoholic Beverages/Beer
Liquor,/Food & Drink/Alcoholic Beverages/Liquor
Wine,/Food & Drink/Alcoholic Beverages/Wine
Cooking & Recipes,/Food & Drink/Cooking & Recipes
Cookware,/Food & Drink/Cookware
Culinary Training,/Food & Drink/Culinary Training
Food Retailers,/Food & Drink/Food Retailers
Nonalcoholic Beverages,/Food & Drink/Nonalcoholic Beverages
Restaurants,/Food & Drink/Restaurants
Restaurant Supply,/Food & Drink/Restaurants/Restaurant Supply
Games,/Games
Cards & Casino Games,/Games/Cards & Casino Games
Lotto & Sweepstakes,/Games/Lotto & Sweepstakes
Roleplaying Games,/Games/Roleplaying Games
Video Games,/Games/Video Games
Cheats & Hints,/Games/Video Games/Cheats & Hints
Online Games,/Games/Video Games/Online Games
Health,/Health
Aging & Geriatrics,/Health/Aging & Geriatrics
Alzheimer's Disease,/Health/Aging & Geriatrics/Alzheimer's Disease
Alternative & Natural Medicine,/Health/Alternative & Natural Medicine
Dental Care,/Health/Dental Care
Health Conditions,/Health/Health Conditions
AIDS & HIV,/Health/Health Conditions/AIDS & HIV
Allergies,/Health/Health Conditions/Allergies
Arthritis,/Health/Health Conditions/Arthritis
Cancer,/Health/Health Conditions/Cancer
Cold & Flu,/Health/Health Conditions/Cold & Flu
Diabetes,/Health/Health Conditions/Diabetes
Eating Disorders,/Health/Health Conditions/Eating Disorders
GERD & Digestive Disorders,/Health/Health Conditions/GERD & Digestive Disorders
Heart & Hypertension,/Health/Health Conditions/Heart & Hypertension
Infectious Diseases,/Health/Health Conditions/Infectious Diseases
Injury,/Health/Health Conditions/Injury
Obesity,/Health/Health Conditions/Obesity
Pain Management,/Health/Health Conditions/Pain Management
Headaches & Migraines,/Health/Health Conditions/Pain Management/Headaches & Migraines
Respiratory Conditions,/Health/Health Conditions/Respiratory Conditions
Asthma,/Health/Health Conditions/Respiratory Conditions/Asthma
Skin Conditions,/Health/Health Conditions/Skin Conditions
Sleep Disorders,/Health/Health Conditions/Sleep Disorders
Health Education & Medical Training,/Health/Health Education & Medical Training
Health Foundations & Medical Research,/Health/Health Foundations & Medical Research
Health Insurance,/Health/Health Insurance
Medical Devices & Equipment,/Health/Medical Devices & Equipment
Medical Facilities & Services,/Health/Medical Facilities & Services
Doctors' Offices,/Health/Medical Facilities & Services/Doctors' Offices
Hospitals & Treatment Centers,/Health/Medical Facilities & Services/Hospitals & Treatment Centers
Medical Procedures,/Health/Medical Facilities & Services/Medical Procedures
Physical Therapy,/Health/Medical Facilities & Services/Physical Therapy
Medical Literature & Resources,/Health/Medical Literature & Resources
Men's Health,/Health/Men's Health
Mental Health,/Health/Mental Health
Anxiety & Stress,/Health/Mental Health/Anxiety & Stress
Depression,/Health/Mental Health/Depression
Learning & Developmental Disabilities,/Health/Mental Health/Learning & Developmental Disabilities
ADD & ADHD,/Health/Mental Health/Learning & Developmental Disabilities/ADD & ADHD
Nursing,/Health/Nursing
Assisted Living & Long Term Care,/Health/Nursing/Assisted Living & Long Term Care
Nutrition,/Health/Nutrition
Special & Restricted Diets,/Health/Nutrition/Special & Restricted Diets
Cholesterol,/Health/Nutrition/Special & Restricted Diets/Cholesterol
Vegetarian,/Health/Nutrition/Special & Restricted Diets/Vegetarian
Vitamins & Supplements,/Health/Nutrition/Vitamins & Supplements
Occupational Health & Safety,/Health/Occupational Health & Safety
Pediatrics,/Health/Pediatrics
Pharmacy,/Health/Pharmacy
Drugs & Medications,/Health/Pharmacy/Drugs & Medications
Reproductive Health,/Health/Reproductive Health
Birth Control,/Health/Reproductive Health/Birth Control
Erectile Dysfunction,/Health/Reproductive Health/Erectile Dysfunction
Infertility,/Health/Reproductive Health/Infertility
OBGYN,/Health/Reproductive Health/OBGYN
STDs,/Health/Reproductive Health/STDs
Sexuality,/Health/Reproductive Health/Sexuality
Substance Abuse,/Health/Substance Abuse
Vision Care,/Health/Vision Care
Women's Health,/Health/Women's Health
Home & Garden,/Home & Garden
Domestic Services,/Home & Garden/Domestic Services
Gardening,/Home & Garden/Gardening
Home Appliances,/Home & Garden/Home Appliances
Home Furnishings,/Home & Garden/Home Furnishings
Lighting,/Home & Garden/Home Furnishings/Lighting
Home Improvement,/Home & Garden/Home Improvement
Homemaking & Interior Decor,/Home & Garden/Homemaking & Interior Decor
Pest Control,/Home & Garden/Pest Control
Industries,/Industries
Aerospace & Defense,/Industries/Aerospace & Defense
Defense Industry,/Industries/Aerospace & Defense/Defense Industry
Space Technology,/Industries/Aerospace & Defense/Space Technology
Agriculture & Forestry,/Industries/Agriculture & Forestry
Agricultural Equipment,/Industries/Agriculture & Forestry/Agricultural Equipment
Aquaculture,/Industries/Agriculture & Forestry/Aquaculture
Crops & Seed,/Industries/Agriculture & Forestry/Crops & Seed
Food Production,/Industries/Agriculture & Forestry/Food Production
Forestry,/Industries/Agriculture & Forestry/Forestry
Horticulture,/Industries/Agriculture & Forestry/Horticulture
Livestock,/Industries/Agriculture & Forestry/Livestock
Chemicals,/Industries/Chemicals
Agrochemicals,/Industries/Chemicals/Agrochemicals
Cleaning Agents,/Industries/Chemicals/Cleaning Agents
Coatings & Adhesives,/Industries/Chemicals/Coatings & Adhesives
Dyes & Pigments,/Industries/Chemicals/Dyes & Pigments
Plastics & Polymers,/Industries/Chemicals/Plastics & Polymers
Construction & Maintenance,/Industries/Construction & Maintenance
Building Materials,/Industries/Construction & Maintenance/Building Materials
Doors & Windows,/Industries/Construction & Maintenance/Building Materials/Doors & Windows
Heating Ventilation & Air Conditioning,/Industries/Construction & Maintenance/Building Materials/Heating Ventilation & Air Conditioning
Nails Screws & Fasteners,/Industries/Construction & Maintenance/Building Materials/Nails Screws & Fasteners
Plumbing Fixtures & Equipment,/Industries/Construction & Maintenance/Building Materials/Plumbing Fixtures & Equipment
Wood & Plastics,/Industries/Construction & Maintenance/Building Materials/Wood & Plastics
Flooring,/Industries/Construction & Maintenance/Building Materials/Wood & Plastics/Flooring
Civil Engineering,/Industries/Construction & Maintenance/Civil Engineering
Construction Contractors,/Industries/Construction & Maintenance/Construction Contractors
Property Development,/Industries/Construction & Maintenance/Property Development
Urban & Regional Planning,/Industries/Construction & Maintenance/Urban & Regional Planning
Design,/Industries/Design
Architecture,/Industries/Design/Architecture
Graphic Design & Publishing,/Industries/Design/Graphic Design & Publishing
Industrial & Product Design,/Industries/Design/Industrial & Product Design
Interior Design,/Industries/Design/Interior Design
Energy & Utilities,/Industries/Energy & Utilities
Alternative Energy,/Industries/Energy & Utilities/Alternative Energy
Electricity,/Industries/Energy & Utilities/Electricity
Oil & Gas,/Industries/Energy & Utilities/Oil & Gas
Waste Management,/Industries/Energy & Utilities/Waste Management
Engineering Technology,/Industries/Engineering Technology
Industrial Materials & Equipment,/Industries/Industrial Materials & Equipment
Generators,/Industries/Industrial Materials & Equipment/Generators
Heavy Machinery,/Industries/Industrial Materials & Equipment/Heavy Machinery
Valves Hoses & Fittings,/Industries/Industrial Materials & Equipment/Valves Hoses & Fittings
Manufacturing,/Industries/Manufacturing
Factory Automation,/Industries/Manufacturing/Factory Automation
Metals & Mining,/Industries/Metals & Mining
Pharmaceutical & Biotech,/Industries/Pharmaceutical & Biotech
Retail Trade,/Industries/Retail Trade
Retail Equipment & Technology,/Industries/Retail Trade/Retail Equipment & Technology
Textiles & Paper,/Industries/Textiles & Paper
Transportation & Logistics,/Industries/Transportation & Logistics
Aviation,/Industries/Transportation & Logistics/Aviation
Couriers & Messengers,/Industries/Transportation & Logistics/Couriers & Messengers
Distribution & Logistics,/Industries/Transportation & Logistics/Distribution & Logistics
Freight & Trucking,/Industries/Transportation & Logistics/Freight & Trucking
Import & Export,/Industries/Transportation & Logistics/Import & Export
Maritime Transport,/Industries/Transportation & Logistics/Maritime Transport
Moving & Relocation,/Industries/Transportation & Logistics/Moving & Relocation
Packaging,/Industries/Transportation & Logistics/Packaging
Rail Transport,/Industries/Transportation & Logistics/Rail Transport
Urban Transport,/Industries/Transportation & Logistics/Urban Transport
Internet,/Internet
File Sharing & Hosting,/Internet/File Sharing & Hosting
Online Goodies,/Internet/Online Goodies
MySpace Codes & Graphics,/Internet/Online Goodies/MySpace Codes & Graphics
Skins Themes & Screensavers,/Internet/Online Goodies/Skins Themes & Screensavers
Search Engine Optimization & Marketing,/Internet/Search Engine Optimization & Marketing
Web Design & Development,/Internet/Web Design & Development
Web Hosting & Domain Registration,/Internet/Web Hosting & Domain Registration
Web Portals,/Internet/Web Portals
Web Services,/Internet/Web Services
Affiliate Programs,/Internet/Web Services/Affiliate Programs
Email & Messaging,/Internet/Web Services/Email & Messaging
Search Engines,/Internet/Web Services/Search Engines
Web Stats & Analytics,/Internet/Web Services/Web Stats & Analytics
Lifestyles,/Lifestyles
Activism & Social Issues,/Lifestyles/Activism & Social Issues
Environmental Issues,/Lifestyles/Activism & Social Issues/Environmental Issues
Charitable & Non-profits,/Lifestyles/Charitable & Non-profits
Clubs & Organizations,/Lifestyles/Clubs & Organizations
Disabled & Special Needs,/Lifestyles/Disabled & Special Needs
Ethnic & Identity Groups,/Lifestyles/Ethnic & Identity Groups
African-Americans,/Lifestyles/Ethnic & Identity Groups/African-Americans
Africans,/Lifestyles/Ethnic & Identity Groups/Africans
Arab & Middle Eastern,/Lifestyles/Ethnic & Identity Groups/Arab & Middle Eastern
East Asians & Asian-Americans,/Lifestyles/Ethnic & Identity Groups/East Asians & Asian-Americans
East Indian & South Asians,/Lifestyles/Ethnic & Identity Groups/East Indian & South Asians
GLBT,/Lifestyles/Ethnic & Identity Groups/GLBT
Indigenous Peoples,/Lifestyles/Ethnic & Identity Groups/Indigenous Peoples
Native Americans,/Lifestyles/Ethnic & Identity Groups/Indigenous Peoples/Native Americans
Jewish Culture,/Lifestyles/Ethnic & Identity Groups/Jewish Culture
Latinos & Latin-Americans,/Lifestyles/Ethnic & Identity Groups/Latinos & Latin-Americans
Russians & Eastern Europeans,/Lifestyles/Ethnic & Identity Groups/Russians & Eastern Europeans
Southeast Asians & Pacific Islanders,/Lifestyles/Ethnic & Identity Groups/Southeast Asians & Pacific Islanders
Western Europeans,/Lifestyles/Ethnic & Identity Groups/Western Europeans
Holidays & Seasonal Events,/Lifestyles/Holidays & Seasonal Events
Kids & Teens,/Lifestyles/Kids & Teens
Children,/Lifestyles/Kids & Teens/Children
Teenagers,/Lifestyles/Kids & Teens/Teenagers
Toys,/Lifestyles/Kids & Teens/Toys
Men's Interests,/Lifestyles/Men's Interests
Men's Interests (Mature),/Lifestyles/Men's Interests/Men's Interests (Mature)
Parenting & Family,/Lifestyles/Parenting & Family
Baby Care,/Lifestyles/Parenting & Family/Baby Care
Child Care,/Lifestyles/Parenting & Family/Child Care
Genealogy,/Lifestyles/Parenting & Family/Genealogy
Pregnancy & Maternity,/Lifestyles/Parenting & Family/Pregnancy & Maternity
Youth Camps,/Lifestyles/Parenting & Family/Youth Camps
Religion & Spirituality,/Lifestyles/Religion & Spirituality
Astrology & Divination,/Lifestyles/Religion & Spirituality/Astrology & Divination
Religion,/Lifestyles/Religion & Spirituality/Religion
Buddhism,/Lifestyles/Religion & Spirituality/Religion/Buddhism
Christianity,/Lifestyles/Religion & Spirituality/Religion/Christianity
Hinduism,/Lifestyles/Religion & Spirituality/Religion/Hinduism
Islam,/Lifestyles/Religion & Spirituality/Religion/Islam
Judaism,/Lifestyles/Religion & Spirituality/Religion/Judaism
Spirituality,/Lifestyles/Religion & Spirituality/Spirituality
Self-Help & Motivational,/Lifestyles/Self-Help & Motivational
Seniors & Retirement,/Lifestyles/Seniors & Retirement
Subcultures & Niche Interests,/Lifestyles/Subcultures & Niche Interests
Gothic Community,/Lifestyles/Subcultures & Niche Interests/Gothic Community
Science Fiction & Fantasy,/Lifestyles/Subcultures & Niche Interests/Science Fiction & Fantasy
Weddings,/Lifestyles/Weddings
Women's Interests,/Lifestyles/Women's Interests
Local,/Local
Classifieds,/Local/Classifieds
Event Listings,/Local/Event Listings
Jobs,/Local/Jobs
Regional Content,/Local/Regional Content
Africa,/Local/Regional Content/Africa
Caribbean,/Local/Regional Content/Caribbean
Central & Eastern Europe,/Local/Regional Content/Central & Eastern Europe
Greece,/Local/Regional Content/Central & Eastern Europe/Greece
Central & South Asia,/Local/Regional Content/Central & South Asia
Afghanistan,/Local/Regional Content/Central & South Asia/Afghanistan
India,/Local/Regional Content/Central & South Asia/India
Iran,/Local/Regional Content/Central & South Asia/Iran
Pakistan,/Local/Regional Content/Central & South Asia/Pakistan
East Asia,/Local/Regional Content/East Asia
China,/Local/Regional Content/East Asia/China
Japan,/Local/Regional Content/East Asia/Japan
Korea,/Local/Regional Content/East Asia/Korea
Mexico & Central America,/Local/Regional Content/Mexico & Central America
Costa Rica,/Local/Regional Content/Mexico & Central America/Costa Rica
Mexico,/Local/Regional Content/Mexico & Central America/Mexico
Middle East,/Local/Regional Content/Middle East
Egypt,/Local/Regional Content/Middle East/Egypt
Iraq,/Local/Regional Content/Middle East/Iraq
Israel,/Local/Regional Content/Middle East/Israel
Lebanon,/Local/Regional Content/Middle East/Lebanon
Turkey,/Local/Regional Content/Middle East/Turkey
United Arab Emirates,/Local/Regional Content/Middle East/United Arab Emirates
Oceania,/Local/Regional Content/Oceania
Australia,/Local/Regional Content/Oceania/Australia
New Zealand,/Local/Regional Content/Oceania/New Zealand
Pacific Islands,/Local/Regional Content/Oceania/Pacific Islands
Polar Regions,/Local/Regional Content/Polar Regions
Russia & Caucasus,/Local/Regional Content/Russia & Caucasus
South America,/Local/Regional Content/South America
Argentina,/Local/Regional Content/South America/Argentina
Brazil,/Local/Regional Content/South America/Brazil
Peru,/Local/Regional Content/South America/Peru
Southeast Asia,/Local/Regional Content/Southeast Asia
Indonesia,/Local/Regional Content/Southeast Asia/Indonesia
Malaysia,/Local/Regional Content/Southeast Asia/Malaysia
Philippines,/Local/Regional Content/Southeast Asia/Philippines
Singapore,/Local/Regional Content/Southeast Asia/Singapore
Thailand,/Local/Regional Content/Southeast Asia/Thailand
Vietnam,/Local/Regional Content/Southeast Asia/Vietnam
US & Canada,/Local/Regional Content/US & Canada
Canada,/Local/Regional Content/US & Canada/Canada
USA,/Local/Regional Content/US & Canada/USA
Western Europe,/Local/Regional Content/Western Europe
France,/Local/Regional Content/Western Europe/France
Germany,/Local/Regional Content/Western Europe/Germany
Ireland,/Local/Regional Content/Western Europe/Ireland
Italy,/Local/Regional Content/Western Europe/Italy
Netherlands,/Local/Regional Content/Western Europe/Netherlands
Portugal,/Local/Regional Content/Western Europe/Portugal
Spain,/Local/Regional Content/Western Europe/Spain
Sweden,/Local/Regional Content/Western Europe/Sweden
United Kingdom,/Local/Regional Content/Western Europe/United Kingdom
Traffic & Public Transit,/Local/Traffic & Public Transit
Weather,/Local/Weather
News & Current Events,/News & Current Events
Business News,/News & Current Events/Business News
Gossip & Tabloids,/News & Current Events/Gossip & Tabloids
Local News,/News & Current Events/Local News
Magazines,/News & Current Events/Magazines
News Networks,/News & Current Events/News Networks
Newspapers,/News & Current Events/Newspapers
Politics,/News & Current Events/Politics
Conservative Sites & Organizations,/News & Current Events/Politics/Conservative Sites & Organizations
Elections & Campaigns,/News & Current Events/Politics/Elections & Campaigns
Liberal Sites & Organizations,/News & Current Events/Politics/Liberal Sites & Organizations
Technology News,/News & Current Events/Technology News
Photo & Video,/Photo & Video
Photo & Video Equipment,/Photo & Video/Photo & Video Equipment
Cameras & Camcorders,/Photo & Video/Photo & Video Equipment/Cameras & Camcorders
Camcorders,/Photo & Video/Photo & Video Equipment/Cameras & Camcorders/Camcorders
Cameras,/Photo & Video/Photo & Video Equipment/Cameras & Camcorders/Cameras
Photo & Video Sharing,/Photo & Video/Photo & Video Sharing
Photo & Video Software,/Photo & Video/Photo & Video Software
Professional Photo & Video Services,/Photo & Video/Professional Photo & Video Services
Stock Photography,/Photo & Video/Stock Photography
Webcams & Virtual Tours,/Photo & Video/Webcams & Virtual Tours
Real Estate,/Real Estate
Home Financing,/Real Estate/Home Financing
Home Inspections & Appraisal,/Real Estate/Home Inspections & Appraisal
Home Insurance,/Real Estate/Home Insurance
Property Management,/Real Estate/Property Management
Real Estate Agencies,/Real Estate/Real Estate Agencies
Rental Listings & Referrals,/Real Estate/Rental Listings & Referrals
Recreation,/Recreation
Boating,/Recreation/Boating
Cycling,/Recreation/Cycling
Equestrian,/Recreation/Equestrian
Hobbies,/Recreation/Hobbies
Crafts,/Recreation/Hobbies/Crafts
Paintball,/Recreation/Hobbies/Paintball
Radio Control & Modeling,/Recreation/Hobbies/Radio Control & Modeling
Outdoors,/Recreation/Outdoors
Fishing,/Recreation/Outdoors/Fishing
Hiking & Camping,/Recreation/Outdoors/Hiking & Camping
Hunting & Shooting,/Recreation/Outdoors/Hunting & Shooting
Running,/Recreation/Running
Surf & Swim,/Recreation/Surf & Swim
Reference,/Reference
Biographies & Quotations,/Reference/Biographies & Quotations
Business & Personal Listings,/Reference/Business & Personal Listings
Calculators & Reference Tools,/Reference/Calculators & Reference Tools
Dictionaries & Encyclopedias,/Reference/Dictionaries & Encyclopedias
Educational Resources,/Reference/Educational Resources
Forms Guides & Templates,/Reference/Forms Guides & Templates
How-To & Expert Content,/Reference/How-To & Expert Content
Language Study & Translation,/Reference/Language Study & Translation
Libraries & Museums,/Reference/Libraries & Museums
Maps & Geography,/Reference/Maps & Geography
Online Directories,/Reference/Online Directories
Time & Calendars,/Reference/Time & Calendars
Science,/Science
Astronomy,/Science/Astronomy
Biological Sciences,/Science/Biological Sciences
Anatomy,/Science/Biological Sciences/Anatomy
Chemistry,/Science/Chemistry
Ecology,/Science/Ecology
Geology,/Science/Geology
Marine Science,/Science/Marine Science
Mathematics,/Science/Mathematics
Physics,/Science/Physics
Scientific Equipment,/Science/Scientific Equipment
Scientific Institutions,/Science/Scientific Institutions
Shopping,/Shopping
Antiques & Collectibles,/Shopping/Antiques & Collectibles
Apparel,/Shopping/Apparel
Clothing Labels & Designers,/Shopping/Apparel/Clothing Labels & Designers
Clothing Retailers,/Shopping/Apparel/Clothing Retailers
Footwear,/Shopping/Apparel/Footwear
Lingerie & Undergarments,/Shopping/Apparel/Lingerie & Undergarments
T-Shirts,/Shopping/Apparel/T-Shirts
Watches & Accessories,/Shopping/Apparel/Watches & Accessories
Auctions,/Shopping/Auctions
Consumer Affairs & Product Reviews,/Shopping/Consumer Affairs & Product Reviews
Consumer Affairs,/Shopping/Consumer Affairs & Product Reviews/Consumer Affairs
Price Comparisons,/Shopping/Consumer Affairs & Product Reviews/Price Comparisons
Product Reviews,/Shopping/Consumer Affairs & Product Reviews/Product Reviews
Coupons & Rebates,/Shopping/Coupons & Rebates
Customer Services,/Shopping/Customer Services
Warranties & Service Contracts,/Shopping/Customer Services/Warranties & Service Contracts
Flowers Gifts & Greetings,/Shopping/Flowers Gifts & Greetings
Cards & Greetings,/Shopping/Flowers Gifts & Greetings/Cards & Greetings
Flowers,/Shopping/Flowers Gifts & Greetings/Flowers
Gifts,/Shopping/Flowers Gifts & Greetings/Gifts
Parties & Occasions,/Shopping/Flowers Gifts & Greetings/Parties & Occasions
Luxury Goods,/Shopping/Luxury Goods
Gems & Jewelry,/Shopping/Luxury Goods/Gems & Jewelry
Mass Merchants & Department Stores,/Shopping/Mass Merchants & Department Stores
Shopping Portals & Search Engines,/Shopping/Shopping Portals & Search Engines
Ticket Sales,/Shopping/Ticket Sales
Tobacco Products,/Shopping/Tobacco Products
Social Networks & Online Communities,/Social Networks & Online Communities
Blogging Resources & Services,/Social Networks & Online Communities/Blogging Resources & Services
Dating & Relationships,/Social Networks & Online Communities/Dating & Relationships
Matrimonial Services,/Social Networks & Online Communities/Dating & Relationships/Matrimonial Services
Personals,/Social Networks & Online Communities/Dating & Relationships/Personals
Photo Rating Sites,/Social Networks & Online Communities/Dating & Relationships/Photo Rating Sites
Forum & Chat Providers,/Social Networks & Online Communities/Forum & Chat Providers
Online Journals & Personal Sites,/Social Networks & Online Communities/Online Journals & Personal Sites
Social Networks,/Social Networks & Online Communities/Social Networks
Society,/Society
Education,/Society/Education
Colleges & Universities,/Society/Education/Colleges & Universities
Distance Learning,/Society/Education/Distance Learning
Homeschooling,/Society/Education/Homeschooling
K-12,/Society/Education/K-12
Lesson Plans & Teaching Resources,/Society/Education/Lesson Plans & Teaching Resources
Test Preparation,/Society/Education/Test Preparation
Vocational & Continuing Education,/Society/Education/Vocational & Continuing Education
Government & Regulatory Bodies,/Society/Government & Regulatory Bodies
Royalty,/Society/Government & Regulatory Bodies/Royalty
Visa & Immigration,/Society/Government & Regulatory Bodies/Visa & Immigration
Labor & Unions,/Society/Labor & Unions
Legal,/Society/Legal
Accident & Personal Injury Law,/Society/Legal/Accident & Personal Injury Law
Bankruptcy,/Society/Legal/Bankruptcy
Criminal Law,/Society/Legal/Criminal Law
Family Law,/Society/Legal/Family Law
Intellectual Property,/Society/Legal/Intellectual Property
Labor & Employment Law,/Society/Legal/Labor & Employment Law
Law Schools & Training,/Society/Legal/Law Schools & Training
Military,/Society/Military
Veterans,/Society/Military/Veterans
Public Safety,/Society/Public Safety
Crime & Justice,/Society/Public Safety/Crime & Justice
Emergency Services,/Society/Public Safety/Emergency Services
Law Enforcement,/Society/Public Safety/Law Enforcement
Security Products & Services,/Society/Public Safety/Security Products & Services
Social Science,/Society/Social Science
Demographics,/Society/Social Science/Demographics
Economics,/Society/Social Science/Economics
International Relations,/Society/Social Science/International Relations
Psychology,/Society/Social Science/Psychology
Social Services,/Society/Social Services
Counseling Services,/Society/Social Services/Counseling Services
Welfare & Unemployment,/Society/Social Services/Welfare & Unemployment
Sports,/Sports
Baseball,/Sports/Baseball
Basketball,/Sports/Basketball
Cheerleading,/Sports/Cheerleading
Combat Sports,/Sports/Combat Sports
Boxing,/Sports/Combat Sports/Boxing
Martial Arts,/Sports/Combat Sports/Martial Arts
Wrestling,/Sports/Combat Sports/Wrestling
Cricket,/Sports/Cricket
Extreme Sports,/Sports/Extreme Sports
Football,/Sports/Football
Golf,/Sports/Golf
Gymnastics,/Sports/Gymnastics
Hockey,/Sports/Hockey
Horse & Dog Racing,/Sports/Horse & Dog Racing
Motor Sports,/Sports/Motor Sports
Olympics & International Competitions,/Sports/Olympics & International Competitions
Racquet Sports,/Sports/Racquet Sports
Rugby,/Sports/Rugby
Soccer,/Sports/Soccer
Sporting Goods,/Sports/Sporting Goods
Sports Magazines,/Sports/Sports Magazines
Track & Field,/Sports/Track & Field
Volleyball,/Sports/Volleyball
Water Sports,/Sports/Water Sports
Winter Sports,/Sports/Winter Sports
Telecommunications,/Telecommunications
Communications Equipment,/Telecommunications/Communications Equipment
Location & Tracking (GIS-GPS),/Telecommunications/Location & Tracking (GIS-GPS)
Mobile & Wireless,/Telecommunications/Mobile & Wireless
Mobile & Wireless Retailers,/Telecommunications/Mobile & Wireless/Mobile & Wireless Retailers
Mobile Phones,/Telecommunications/Mobile & Wireless/Mobile Phones
Ringtones & Mobile Goodies,/Telecommunications/Mobile & Wireless/Ringtones & Mobile Goodies
Service Providers,/Telecommunications/Service Providers
Cable & Satellite Providers,/Telecommunications/Service Providers/Cable & Satellite Providers
ISPs,/Telecommunications/Service Providers/ISPs
Phone Service Providers,/Telecommunications/Service Providers/Phone Service Providers
Calling Cards,/Telecommunications/Service Providers/Phone Service Providers/Calling Cards
Teleconferencing,/Telecommunications/Teleconferencing
VOIP & Internet Telephony,/Telecommunications/VOIP & Internet Telephony
Travel,/Travel
Adventure Travel,/Travel/Adventure Travel
Air Travel,/Travel/Air Travel
Attractions & Activities,/Travel/Attractions & Activities
Bus & Rail,/Travel/Bus & Rail
Car Rental & Taxi Services,/Travel/Car Rental & Taxi Services
Cruises & Charters,/Travel/Cruises & Charters
Hotels & Accommodations,/Travel/Hotels & Accommodations
Vacation Destinations,/Travel/Vacation Destinations
Australia,/Travel/Vacation Destinations/Australia
Caribbean Islands,/Travel/Vacation Destinations/Caribbean Islands
Hawaii,/Travel/Vacation Destinations/Hawaii
Hong Kong,/Travel/Vacation Destinations/Hong Kong
Las Vegas,/Travel/Vacation Destinations/Las Vegas
Mexico,/Travel/Vacation Destinations/Mexico
New York City,/Travel/Vacation Destinations/New York City
Orlando,/Travel/Vacation Destinations/Orlando
